sentence_id,span_start,span_end,span_tokens,category,failure_mode,notes,context
# failure_mode values:,complete_miss | partial_span | boundary_shift | wrong_token,,,,,,
3631,24,24,podem,ortografia_lexical,,,"Com a chegada de visitantes de todos os países , a incapacidade de julgamento e punição que as leis Brasileiras brasileiras apresentam às autoridades podem pode facilitar ataques de terroristas que saibam quão fácil é livrar-se de um julgamento no Brasil ."
3398,5,5,esta,ortografia_lexical,,,"O que se esperar com esta essa decisão , não só a diminuição da criminalidade , mas sim alternativas que tragam beneficiou benefícios aos lares e a à infância de milhares de crianças que vivem hoje em função do crime organizado ."
442,40,41,se tem,concordancia_verbal,,,"No caso do excesso de cuidado e amor temos famílias e até pessoas que vivem sozinhas e tratam seus animais de estimação melhores que melhor do que tratam uma pessoa , são capazes de adquirir coisas e dar o que se tem têm de melhor a um animal , porém são incapazes de estender a mão para ajudar outro ser humano , levados na maioria das vezes a este comportamento por desacreditar da humanidade ."
1086,3,3,provou,ortografia_lexical,,,"Não que ele provou tenha provado do seu ""próprio veneno"" , porém nem tudo que pensamos deve ser dito ."
1947,11,15,se haver uma estabilidade no,concordancia_verbal,,,Aliados comerciais vêm contribuindo com bilhões de dólares na tentativa de se haver uma estabilidade no estabilizar o euro .
2225,7,7,na,sintatico_discursivo,,,"Diante disso , é preciso ir direto na à raíz do problema : a qualidade do ensino ."
2679,0,54,"Falta ainda as nações definitivamente admitir que uma raça é superior á outra , pela capacidade que ela tem de tolerância , de humildade , de condições iguais para seu povo crescer com dignidade , com os mesmos direitos , de educação , lazer , cultura , liberdade de expressão e trabalho independente das raças",concordancia_verbal,,,"Falta ainda as nações definitivamente admitir que uma raça é superior á outra , pela capacidade que ela tem de tolerância , de humildade , de condições iguais para seu povo crescer com dignidade , com os mesmos direitos , de educação , lazer , cultura , liberdade de expressão e trabalho independente das raças ."
2416,10,10,produtos,sintatico_discursivo,,,"Além disso disso , se não houvesse esse cruzamento desses produtos produtos , seria muito ruim para os Países países que tem têm uma grande quantidade quantidade , talvez até a maioria dos produtos transgênicos comercializados comercializados , porque não haveria como produzir essa quantidade necessária para o comercio comércio ."
38,18,18,comunicações,ortografia_acento,,,"Relatos de falta de água ou presença dela polúida poluída , cada vez mais lotam os meios de comunicações comunicação ."
2546,26,27,"propagandas ,",ortografia_lexical,,,"O governo brasileiro deve aumentar o incentivo para que as pessoas adotem cada vez mais as bicicletas como meio de transporte , através por meio de propagandas , propaganda e da criação de estacionamentos para elas , e aumentar ainda mais as ciclovias ."
610,5,7,mercado no deparamos,sintatico_discursivo,,,"Cada vez que vamos ao mercado no deparamos mercado , deparamo-nos com uma imensa variedade de legumes , frutas legumes e frutas de aparência impecável ."
608,3,3,sobre,ortografia_lexical,,,Estariam de fato sobre sob influência de quem ?
3490,7,7,ele,ortografia_lexical,,,Uma vez que a situação em que ele se encontra é lastimável .
1576,0,15,"Vai se esperar o quê de uma geração-aglotóxico , sem falar nos "" homens-bombas "" .",concordancia_verbal,,,"Vai se esperar o quê de uma geração-aglotóxico , sem falar nos "" homens-bombas "" ."
1424,8,8,Européia,ortografia_acento,,,"O FMI , juntamente com a própria União Européia Europeia , sob a liderança de Alemanha e França , tentam acabar essa com essa crise ."
3516,9,9,educadores,ortografia_lexical,,,"Esse conflito é vivenciado também no ambiente escolar , educadores pois educadores e alunos parece parecem não se entenderem , uma vez que os jovens , influenciados pelas divergências familiares , adotam atitudes passivas quanto aos estudos ."
3383,18,18,inibindo,ortografia_lexical,,,"Têm seu psicológico afetado por traumas e entram em depressão devido o ao estresse causado pelas práticas , inibindo que inibe a produção do hormônio serotonina serotonina , responsável pela sensação de felicidade ."
3599,6,6,é,ortografia_acento,,,Outro aspecto relevante a se considerar é o crescente número de instituições que antes só utilizavam formas tradicionais de ensino e que passaram a oferecer cursos à distância .
1522,10,12,"mas , sempre",sintatico_discursivo,,,"Aos mais íntimos era permitido um beijo no rosto , mas , sempre mas sempre longe dos olhos de desconhecidos ."
2908,13,13,simplifica-los,ortografia_lexical,,,"É fato que muitos jovens não têm interesse por clássicos , no entanto simplifica-los simplificá-los não seria a solução ."
1821,1,1,e,sintatico_discursivo,,,A e e a Europa .
473,12,13,ou terem,ortografia_lexical,,,"Há quem se sinta confortável em casar-se virgem , por acharem certo ou terem raízes conservadoras ."
3099,19,20,má projetada,ortografia_lexical,,,"Consequência disso são as inúmeras queixas da população que utiliza as vias ruins , cheia cheias de buracos e má projetada mal projetadas , dificultando a harmonia de dirigi pelas as cidades ."
3238,24,24,proporcionam,concordancia_verbal,,,"Por certo , os pais devem ensinar aos mais novos que os mais velhos devem ser respeitados e que a vivência em épocas diferentes proporcionam proporciona conhecimentos diferentes ."
3458,7,13,"o suficiente , a ponto de cometerem",sintatico_discursivo,,,"Se muitos jovens tem têm sido ousados o suficiente , a ponto de cometerem o suficiente para cometer delitos e até mesmo homicídios , então já estão aptos para responderem a responder por tais crimes , pois e não devem ser tratados como meros adolescentes que não tem têm o mínimo discernimento de seus atos ."
2416,1,1,disso,ortografia_lexical,,,"Além disso disso , se não houvesse esse cruzamento desses produtos produtos , seria muito ruim para os Países países que tem têm uma grande quantidade quantidade , talvez até a maioria dos produtos transgênicos comercializados comercializados , porque não haveria como produzir essa quantidade necessária para o comercio comércio ."
3193,7,7,onde,ortografia_lexical,,,"Este fator aniquila a política brasileira , onde fazendo com que os brasileiros votam , votem só por votar ."
2267,10,10,o,ortografia_lexical,,,"Recentemente , foi divulgada uma pesquisa , de acordo com o a qual a obesidade infantil aumentou consideravelmente nos últimos 20 anos e hoje atinge 15% da população jovem ."
3484,9,9,observados,ortografia_lexical,,,"Infelizmente , numa proporção um pouco maior , temos observados observado também que nem sempre esse amor se manifesta , pelo contrário , os atos de agressão violenta física , abandono e descaso chocam a todos , a todo o momento ."
1668,26,26,à,crase_preposicao,,,"Já o Estado e a sociedade também têm suas obrigações , tanto no comprimento cumprimento rigoroso da lei na proibição de bebidas alcoólicas a menores quanto à na negação de valores que a bebida poderia trazer como : maior convívio social , agregação de responsabilidade ou de mulheres lindíssimas trazendo a cerveja gelada que envolve principalmente o público jovem masculino ."
2949,3,6,tantos desenvolvimentos e inovações,sintatico_discursivo,,,"Contudo , após tantos desenvolvimentos e inovações tanto desenvolvimento e inovações , o consumo já ultrapassa o indispensável , situação que caracteriza o consumismo ."
936,21,21,haveriam,ortografia_lexical,,,"Seria um trabalho social muito forte , no qual o qual mobilizaria a todos , mas que , com certeza , haveriam teria/produziria melhores resultados ."
1755,9,9,unica,ortografia_lexical,,,"A lei em nosso país não discrimina , é unica única para todos ."
1281,0,0,Ao,crase_preposicao,,,"Ao Com o passar dos anos , as discussões sobre a aids veem vêm perdendo destaque , o que pode ser se dever tanto pela à utilização de drogas que prolongam a vida dos doentes , quanto pelo ao distanciamento da juventude atual a em relação à preocupação de com a prevenção ."
1950,9,9,legalizada,sintatico_discursivo,,,"A eutanásia poderia ser útil no Brasil caso fosse legalizada legalizada , pois ajudaria a muitas pessoas que esperam com medo e ansiosas a sua hora de morrer ."
1415,7,7,visto,ortografia_lexical,,,"A intolerancia as intolerância às diferenças é visto vista como uma das principais causas da violençia violência nas escolas , infelizmente os jovens ainda não conhecem o valor do respeito e não compreendem que conviver com as diferenças é necessário para o bom funcionamento das relacoes sociais , desrespeitar relações sociais ."
611,49,49,esta,ortografia_lexical,,,"Com o passar do tempo , é inegável a tendência de que o individuo acumule experiência de vida , e com isso tenha uma maturidade maior para procurar decisões acertadas para suas escolhas , levando em consideração aquilo que já tenham vivenciado , ficaria claro que seria irrefutável que esta essa pessoa quanto mais velha , melhor se tornaria nas questões de relacionamento inter-pessoais interpessoais sobre tudo sobretudo amorosas , ; mas não é o que acontece , pois existem fatores importantes que controlam a maturidade , entre elas eles a personalidade , intensidade , os traumas emocionais e etc etc ."
159,0,2,Como já sabemos,sintatico_discursivo,,,"Como já sabemos Como se sabe , o que define se a substância é um remédio ou veneno é apenas a dose ."
1508,12,12,no,ortografia_lexical,,,"Falamos de tempos modernos e globalização , e muitos ainda estão presos no ao passado , adquirem carregam ainda consigo a maneira contundente de educação que foram lhe o modelo de educação com que foram ensinados e ainda ainda o passam adiante para seus filhos ."
3838,1,1,quando,sintatico_discursivo,,,"Isso quando quando a pessoa que bebe não gera violência nas ruas , nas casas , nos bares e até mesmo em estádios de futebol ."
1956,7,7,faça,ortografia_acento,,,"É preciso que todos se conscientizem e faça façam a sua parte em vez de ficar procurando quem é o culpado , pois governo e população unidos trariam grandes resultados e resultados , evitariam grandes estragos e altos custos em ter que construir centenas de casas , reconstruírem cidades e muitas pessoas não perderiam seus familiares ."
3192,35,35,maioridade,sintatico_discursivo,,,"Como mostra pesquisa feita na cidade de São Paulo , nove a cada dez pessoas relataram à Data Folha à ao DataFolha a sua aprovação , ou seja , 90% dos entrevistados querem que a maioridade maioridade penal seja a partir dos 16 anos ."
3556,30,30,e,sintatico_discursivo,,,"Fazendo Isso faz com que a pessoa venha a ""congelar"" o profissional fique estagnado em determinado nível da carreira , o que vem a prejudicar muito a qualidade de vida e e a autoestima da pessoa ."
2472,35,35,comercializa-lo,ortografia_lexical,,,"Atualmente Atualmente , a engenharia genética proporciona desenvolve estudos voltado voltados para a modificação em alimentos alimentos , com o intuito de obter um produto mais resistente e , consequentemente , com melhores condições de comercializa-lo comercializá-lo em larga escala ."
673,43,43,somos,ortografia_lexical,,,"Ao sentar no sofá , para assistir sua assistir a sua novela depois de um dia cansativo de trabalho , no caso dos adultos , ou até mesmo quando se está assistindo aos seus desenhos animados preferidos , no caso das crianças , somos os telespectadores são bombardeados a toda hora pela mídia , nos incentivando incentivando-os a consumir ."
556,28,30,seu ícone Zunbi,sintatico_discursivo,,,"Por conta disso houve grandes rebeliões e fugas , esta o que resultou na formação , em alagoas Alagoas , do maior quilombo do Brasil , Palmares , seu ícone Zunbi cujo maior ícone foi Zumbi ."
583,5,7,"se , que",colocacao_pronominal,,,"A partir disso , evidencia- se , que -se que essa é uma experiência única ; única , tanto para os candidatos escolhidos , como também para toda humanidade ."
1412,3,5,cuja resposta aparenta,sintatico_discursivo,,,"São várias perguntas cuja resposta aparenta cujas respostas aparentam estar longe de soar com unanimidade e infelizmente a infelizmente , cada segundo dessa demora tem significado mais um segundo de uma tortura sem fim que já botou muitos a implorar pela morte em seus poucos momentos de sanidade ."
3421,0,0,Portanto,ortografia_lexical,,,"Portanto Portanto , deve haver uma distinção entre o direito de expressar opiniões e o ato de insultar ou ofender outra pessoa ."
1505,7,7,deve,ortografia_lexical,,,"Concluímos que para aqueles aqueles que bebem deve devem consumir o álcool com precaução e apesar de possuirmos uma cultura e mídia que nos induz induzem a beber , devemos ter o controle de nós mesmos e coragem de não aceitar uma bebida que nos é imposta e deixarmos de ser apenas um meio de lucro ."
267,5,9,tudo o que se passa,sintatico_discursivo,,,"Na cabeça de um terrorista tudo o que se passa tudo que passa é que por meio do mau mal , do caos e até mesmo da morte de inocentes , ele vai estar chamando atenção para seu desespero pessoal ."
2689,5,7,é constituído em,concordancia_verbal,,,"Segundo estatísticas 70% do planeta é constituído em são constituídos de água , sendo que 3% é são de água doce e 98% de água subterrânea , isso subterrânea ."
166,2,2,em,sintatico_discursivo,,,enquanto estivermos em em nossa condição humana ?
419,11,12,cidades sedes,ortografia_lexical,,,"Que nações , que poderão encontrar dificuldades de locomoção , para cidades sedes cidades-sede e pontos turísticos ."
2036,0,19,Assim como buscam soluções das mais diversas possíveis para tentar dar fim a algo que já é inerente na sociedade,concordancia_verbal,,,Assim como buscam soluções das mais diversas possíveis para tentar dar fim a algo que já é inerente na sociedade .
2172,17,17,afim,ortografia_lexical,,,"É preciso combater a violençia violência nas escolas e para isso pais e professores precisam se unir afim a fim de ajudar e orientar o jovem a respeitar o próximo , caso próximo ."
3002,0,2,"Contudo , a",colocacao_pronominal,,,"Contudo , a humanidade sempre irá movimentar essa pratica de mentir , seja diante da justiça ou partido social ."
3707,29,31,técnico e tem,concordancia_verbal,,,"Apesar dos de os golpes dos combates de MMA parecer agressivo , parecerem agressivos , antes das lutas os lutadores passam por um rígido treinamento físico , mental e técnico e tem técnico , além de uma preparação na parte nutricional , pois os lutadores tem têm que manter o peso de acordo com sua categoria ."
3609,12,12,como,ortografia_lexical,,,"Embora venha sendo sucessivamente adotado em várias grandes cidades brasileiras , mostra-se como uma medida de eficiência duvidosa que mais esconde que soluciona o problema dos jovens e as noites urbanas do Brasil ."
1819,13,13,de,ortografia_lexical,,,"Desta forma , precisamos de uma sociedade que pense no coletivo , que de dê valor as às reivindicações passadas , como no caso do voto direto , e principalmente que sejam sujeitos críticos e capazes de exercer a cidadania adequadamente ."
1970,23,23,execução,ortografia_acento,,,"Se a resposta for positiva , como é o caso dos alimentos transgênicos , deve-se sim deve-se , sim , garantir a sua execução utilização em nome do progresso ."
1402,12,12,candidato,sintatico_discursivo,,,"Deve-se criar uma regulamentação séria para igualar o horário disponível para cada candidato candidato , sem levar em consideração privilégios , como o citado a cima acima ."
3436,49,50,alo se,colocacao_pronominal,,,"Como é o caso de muitos animais de estimação que parecem mais palhaços fantasiados com suas unhas e seus pelos pintados , roupas coloridas e enfeites que incomodam , e tudo isso segundo seus donos em pool prol da beleza , mas sem sequer se preocupar se isso seria alo se algo de que o animal iria gostar ."
1622,10,11,vice miss,ortografia_lexical,,,"Dessa forma , para coibir eventuais casos como o da vice miss vice-miss bumbum , cabe ao governo tomar medidas eficazes que inibam esses acontecimentos , fiscalizando o comércio de produtos para cirurgias plásticas , a à mídia continuar exercendo sua função social não influenciando os receptores o público , a à escola estimular o pensamento crítico dos alunos , a à família educar os seus membros para que eles se tornem pessoas conscientes de seus atos , a à sociedade respeitar à diversidade e diante disso disso , quem sabe , uma escola de samba não leve para a avenida um samba enredo samba-enredo exaltando a beleza como ela é ."
1171,7,7,à,sintatico_discursivo,,,"É através desses sentimentos que somos impulsionados à a certas atitudes incontroláveis , como por exemplo a raiva , ódio , inveja , ciúmes que levam o ser humano a cometer vários deslizes comportamentais e até mesmo levando-os a cometer delitos criminais ocasionando várias conseqüência negativas e psicológicas , que no homem , o mais recriminado é o "" machismo "" que é um sentimento de superioridade masculina com que nos deparamos até hoje , ocasionando em provocando vários conflitos familiares e até mesmo nas escolas e nas ruas ."
372,36,36,Língua,ortografia_acento,,,"A ideia de união , vista positivamente , é oposta à estranheza causada pelas mudanças . No mundo globalizado vivido hoje , visando uma maior proximidade e facilidade de relacionamento entre os países que seguem a Língua Portuguesa , o acordo ortográfico , que prevê modificações como a não utilização do trema , parece ser favorável e trazer benefícios , permitindo uma maior proximidade na fala , beneficiando a comunicação ."
1007,19,19,destes,ortografia_lexical,,,"Mudanças na lei não devem ter como objetivo a redução da criminalidade , mas sim o destaque para punição destes desses menores envolvidos ."
3760,19,19,cuida-los,ortografia_lexical,,,"Provavelmente não , pois é mais cruel do que pegar animais que estão abandonados nas ruas passando necessidades e cuida-los cuidar deles , para que assim os testes funcionem ."
481,13,35,"e passarmos a enxergar a favela e as pessoas que nela habitam não com olhos meramente humanos , mas com uma visão igualitária",concordancia_nominal,,,"Se nos , cidadões brasileiros deixarmos as desigualdades e preconceitos sociais de lado e passarmos a enxergar a favela e as pessoas que nela habitam não com olhos meramente humanos , mas com uma visão igualitária , e o governo investir em educação , cultura e conscientização á essas entidades pobres , não somente em tropas de choque e caveirões , mas em respeito , o nosso Brasil da mais um passo para frente ."
2150,0,9,"Super-heróis que voam e possuem poderes , são personagens ,",concordancia_verbal,,,"Super-heróis que voam e possuem poderes , são personagens , não existem ."
53,5,5,melhores,ortografia_lexical,,,"Há aqueles que se sentem melhores mentindo , já que a realidade não é tão bonita quanto os sonhos ."
1243,3,3,ortográfico,ortografia_acento,,,"Assim , acordo ortográfico é o entendimento entre os países que falam a língua portuguesa , mas que não a escrevem de forma semelhante ."
372,40,40,acordo,ortografia_lexical,,,"A ideia de união , vista positivamente , é oposta à estranheza causada pelas mudanças . No mundo globalizado vivido hoje , visando uma maior proximidade e facilidade de relacionamento entre os países que seguem a Língua Portuguesa , o acordo ortográfico , que prevê modificações como a não utilização do trema , parece ser favorável e trazer benefícios , permitindo uma maior proximidade na fala , beneficiando a comunicação ."
699,36,36,afim,ortografia_lexical,,,"Por essa razão , para que não seja grande o número de boletim de ocorrências boletins de ocorrência em delegacias , o governo apostou no alto investimento a segurança , com policiais com treinamentos diversos , afim a fim de proteger a sociedade contra possíveis ataques ."
1249,67,67,destino,sintatico_discursivo,,,"Que com o voto irresponsável no palhaço Tiririca colocou no poder outros personagens não gratos de uma recente história de roubalheira no nosso país . ? Não cabe a mim aprovar ou desaprovar o voto das pessoas , pois todos tem têm livre arbítrio , mas o mesmo deve ser usado só quando quando o que está em jogo é apenas a nossa vida e o nosso destino destino , pois quando isso envolve outros tantos milhões de indivíduos desempregados , pais de família assalariados , jovens que não sabem o que fazer ao terminarem o ensino médio , mães que não conseguem ganhar a guerra contra traficantes e perdem em tão tenra idade filhos queridos ."
1454,45,45,Físico,sintatico_discursivo,,,"Trazendo ruas , trazendo , assim , menos poluição para a atmosfera , sabendo que uma vez que o carro emite gases poluentes por usar a gasolina como combustível e que a bicicleta que , para a bicicleta , é necessário apena apenas o esforço Físico físico de quem a conduz ."
2678,10,11,como parte,sintatico_discursivo,,,"É o momento que em que cada um se sente como parte parte daquela seleção e , como tal , nos sentimos vitoriosos e bem sucedidos ."
3674,21,24,o mesmo já transpôs,sintatico_discursivo,,,"Sendo assim , atos de violência física , psicológica ou ridicularização de um indivíduo não é são uma brincadeira , onde o mesmo já transpôs pois eles já transpuseram a barreira do que seria um ato saudável e livre de opressão ."
2588,3,3,esta,ortografia_lexical,,,"O que propicia esta essa situação certamente é o fácil acesso às mídias informativas , além do exemplo dos pais que exibem um comportamento consumista ."
3749,14,14,significativamente,ortografia_lexical,,,"O numero número , mas seria melhor "" índice "" de participação juvenil caiu significativamente , significativamente : em cinco anos houve redução de 19% ."
1468,23,26,"morre afogado , em",sintatico_discursivo,,,"Como exemplo , temos o caso noticiado no ano de 1999 , quando um aluno da USP ( Universidade de São Paulo ) morre afogado , em morreu afogado em uma piscina , após ingerir bebida alcoólica , motivado pelos velhos estudantes ."
1517,0,0,É,ortografia_lexical,,,É São cada vez mais frequente frequentes brigas entre os próprios motoristas e entre estes e os pedestres por situações banais que poderiam ser resolvidas no diálogo com um sincero pedido de desculpas .
1858,2,6,"necessita , sim , de",sintatico_discursivo,,,"O sistema necessita , sim , de uma reestruturação do alicerce da sociedade - a residência de cada um nós - através da conscientização do incentivo à leitura feita pelos pais , para não deixar somente na mão da escola o papel de formar cidadãos em nosso país ."
2868,27,27,continuará,ortografia_acento,,,"Assim , se não houve houver uma completa conscientização da sociedade e uma mudança radical de com trata como tratar o próximo com amor e respeito , continuará continuarão os estresses , brigas e mortes no trânsito do Brasil ."
654,10,10,à,crase_preposicao,,,"As pessoas que sofrem bullying tem têm uma certa tendência à a fazer o mesmo com outras , com outras ."
2170,39,39,escolher,ortografia_lexical,,,"Ser virgem ou não , não interfere na vida social de alguém , é algo visto sem mais preconceitos , o que faz com que seja reafirmado o livre arbítrio livre-arbítrio de cada um , a liberdade para poder escolher o que fazer da de sua vida ."
853,30,30,a,crase_preposicao,,,"Para evitar novas tragédias de acontecerem tragédias , é necessário o controle da ocupação desordenada , nas áreas de risco , a monitoria da previsão do tempo e o alerta a à população ."
2550,28,28,inrracional,ortografia_lexical,,,"Desse modo , ficou evidente a falta de respeito por parte de algumas pessoas que , por se acharem defensoras da maioria da população , tentam de forma inrracional irracional impor suas regras à sociedade ."
2818,12,12,acordo,ortografia_lexical,,,"Assim , para unificar a grafia , louvável a modificação proposta no acordo ortográfico ."
1454,13,14,sabendo que,ortografia_lexical,,,"Trazendo ruas , trazendo , assim , menos poluição para a atmosfera , sabendo que uma vez que o carro emite gases poluentes por usar a gasolina como combustível e que a bicicleta que , para a bicicleta , é necessário apena apenas o esforço Físico físico de quem a conduz ."
2980,2,2,à,sintatico_discursivo,,,"Em meio à a tantos problemas sociais , o que mais tem afetado a nossa população é a crise hídrica ."
737,11,11,ambos,ortografia_lexical,,,"Se todas as pessoas se mantivessem virgens até o casamento , ambos não ficariam relembrando os acontecimentos vividos com outras pessoas ."
3680,21,21,nunca,ortografia_lexical,,,O desenvolvimento das tecnologias da informação - principalmente a internet - proporcionaram proporcionou uma proliferação de informações e troca de ideias nunca como nunca visto na história da humanidade .
951,22,22,coloque,ortografia_lexical,,,"Nenhum , desde que não se ultrapasse ultrapassem os limites , que não desrespeite as se desrespeite às leis e que não coloque se coloque a vida de terceiros em risco ."
3735,11,15,poderia-se ter evitado esta tragédia,concordancia_verbal,,,"Se fosse uma família mais presente na vida do rapaz , poderia-se ter evitado esta tragédia ."
205,13,16,faz dessas atividades longas,concordancia_verbal,,,"Grande parte da população não se preocupa com o desperdício de água e faz dessas atividades longas prolonga essas atividades , gastando muito mais do que deveria ."
775,28,29,desta pessoa,ortografia_lexical,,,"Como qualquer outro sentimento , até certo limite , é saudável , mas acima disto torna-se tóxico para quem o sente e para os que estão ao redor desta pessoa ."
258,37,37,Católica,ortografia_acento,,,"Na França revolucionária de 1789 , local onde a famosa frase "" o Estado sou eu "" de Luís XIV surgiu , era absolutista , o rei possuia possuía o poder e , juntamente com a Igreja Católica Católica , alienava a sociedade ."
845,0,1,"Jornais ,",ortografia_lexical,,,"Jornais , Jornais e revistas , por exemplo , fazem uso da norma culta da língua , por exemplo , a fim de que todos os leitores , de qualquer parte do país , possam compreender sem dificuldades a mensagem ."
2566,16,16,à,crase_preposicao,,,Em São Paulo têm tem -se percebido que a reação dos grupos criminosos se deu devido à a excessos cometidos pelos policiais .
3405,47,52,copa das confederações e do mundo,sintatico_discursivo,,,"Atualmente consta-se discute-se muito se o Brasil tem razões para temer um ataque terrorista , pois será realizada no Brasil eventos importantíssimo serão realizados no Brasil eventos importantíssimos , onde o país precisa está estar preparado para uma série de coisas que podem ocorrer , durante a copa das confederações e do mundo Copa das Confederações e do Mundo , além do mais e é necessário exalar preocupações sobre a população ."
3520,1,5,e a determinacao do padrao,sintatico_discursivo,,,Essa e a determinacao do padrao é a determinação do padrão social vigente .
397,9,34,se transmute ? Leis altamente rigorosas resolvem o problema de uma vez por todas ou será que se faz necessária a reeducação de motoristas infratores ?,concordancia_verbal,,,"Então , o que fazer para que tudo isso se transmute ? Leis altamente rigorosas resolvem o problema de uma vez por todas ou será que se faz necessária a reeducação de motoristas infratores ? Estas questões somente terão respostas depois que as leis começarem a vigorar em todo o território nacional e quem sabe , surtirem efeito sobre os infratores ."
3276,32,32,crescem,sintatico_discursivo,,,"Isso é consequência da educação e do tempo que os pais passam em shoppings e em lojas enchendo seus filhos de presentes e mimos na infância , e os quais , quando crescem crescem , viram consumidores compulsivos ."
1365,14,14,repeito,ortografia_lexical,,,"Para que , com isso , possamos criar uma geração baseada em valores de repeito respeito e qualidade de vida ."
1210,40,44,nivel de violencia no transito,sintatico_discursivo,,,"E então entra o governo , ele pode fornecer maiores opções de locomoção , como ônibus e metrôs , algo que seja mais economico econômico que o carro , e nós podemos exigir isto , e tambem podemos reduzir o nivel de violencia no transito nível de violência no trânsito ."
1278,14,14,combinam,ortografia_lexical,,,"A combinação : álcool + direção , como podemos ver nos jornais , não combinam combina de forma alguma ."
2872,1,1,do,ortografia_lexical,,,"Apesar do de o SUS ser um exemplo no mundo , a saúde pública brasileira é bastante frágil ."
3198,2,23,tem tendências viciosas e ainda sendo ilegal muitos as usam em pleno ambiente civil sem nenhuma vergonha do que estão fazendo .,concordancia_verbal,,,A maconha tem tendências viciosas e ainda sendo ilegal muitos as usam em pleno ambiente civil sem nenhuma vergonha do que estão fazendo .
364,6,7,com os,concordancia_nominal,,,"Com os avanços da tecnologia e com os dos estudos na área da saúde , atualmente se encontram disponíveis muitos equipamentos e procedimentos médicos capazes de prolongar a vida humana ."
1672,5,7,e a auto-conscientização,colocacao_pronominal,,,"O maior debate em questão e a auto-conscientização é a autoconscientização , e o erro em pensar que o HIV esta está distante da realidade vivida ."
600,18,18,os,ortografia_lexical,,,"Esse desrespeito é evidênciado evidenciado diariamente quando n ? o se respeitam : o ao atendimento prioritário , os aos assentos exclusivos em ônibus , bancos e metrôs , as às vagas em estabelecimentos públicos e privados , ou simplesmente a ajudar atravessar uma rua , levar uma sacola ou minimizar os impactos do mundo atual como o ficar pelos jovens que contrapõem o namorar pelos os mais velhos , soando como um grande paradoxo ."
1895,12,19,"sem chances de sobrevivência , por esta situação",sintatico_discursivo,,,"A anencefalia é uma doença surgida ainda vida na vida intrauterina , sem chances de sobrevivência , por esta situação destruindo as chances de sobrevivência do bebê ."
493,38,40,que se tornou,colocacao_pronominal,,,"As escolas , portanto , devem ensinar os alunos a respeitar as variações linguísticas , não deixando de ensinar a maneira culta , pois não existe certo e errado em nossa língua , mas sim formas linguísticas diferentes que se tornou que compõem a língua brasileira , que faz parte portuguesa típica do Brasil , parte da nossa cultura e da nossa vida ."
1112,38,40,"benefícios incentivadores ,",sintatico_discursivo,,,"Acredito , que se cada pessoa que fosse a uma escola , prestar-se atenção e revisar-se o que foi dado na aula , este quadro de negatividade mudaria . Atualmente , sabemos que o governo oferece , alguns benefícios incentivadores , para o aluno ."
1752,4,15,a mudança do jeito de pensar das pessoas deve ser mudado sim,concordancia_verbal,,,"Com o avanço tecnológico a mudança do jeito de pensar das pessoas deve ser mudado sim ; porém , nem todos se acostumam com isso , e como conseqüência novos problemas e conflitos surgem como desafios de tantas "" avançadas "" , as quais nem todos se acostumam rápido ."
1596,0,0,Ao,crase_preposicao,,,"Ao Com o passar do tempo tempo , a participação de menores em atos ilícitos vêem vem aumentando dia após dia , por aumentando ."
2353,7,7,irá,ortografia_acento,,,"Sem a certeza de que um dia irá irão se recuperar , a angústia e a tristeza tomam conta dessas pessoas , as deixando deixando-as com mais vontade de que sua vida tenha um fim ."
1327,24,25,autor permitindo,ortografia_lexical,,,"No entanto , essas adaptações não podem descaracterizar as obras a que se referem originais , muito menos ferir o estilo de escrita do autor permitindo autor , de modo a permitir que , aos poucos , o leitor se acostume com tais características ."
448,6,6,saber-se,ortografia_lexical,,,"É importante o horário político para saber-se saber o que os candidatos estão nos propondo , o que irão fazer pelas cidades , municípios , verificar se estão dentro da Lei da Ficha Limpa ."
3408,18,20,para tonar assim,sintatico_discursivo,,,"Vamos formar uma sociedade mais atualizada , com mais respeito , onde homossexuais se sintam bem acolhidos , para tonar assim nos tornarmos , assim , um país de várias famílias ."
1227,9,9,no,sintatico_discursivo,,,"Ora , a própria noção e de civilidade implica no o controle dos impulsos humanos mais primitivos , tais como a vontade de machucar o vizinho porque olhou pra sua mulher , o desejo de pegar para si algum objeto pertencente a outrem e , é claro , a vontade de fazer sexo com alguém , mesmo ( e especialmente ) contra sua vontade ."
1124,13,13,estes,ortografia_lexical,,,"O estatuto do idoso Estatuto do Idoso busca garantir acessibilidade e dignidade para estes , eles mas a população se revolta pelos com os poucos privilégios oferecidos aos idosos , atendimento prioritário , em bancos , hospitais , filas e outros , é muito pouco , eles se esquecem que estão envelhecendo dia-a-dia e que um dia vão achar a aposentadoria insuficiente , as filas desgastantes , o atendimento médico precário e a população alheia a à fragilidade deste deles , esquecem , pois , que o melhor vinho é aquele guardado a há décadas , que pedras valiosas gastam levam centenas de anos para se formarem , que a vasta idade não o julga ultrapassado ultrapassado , e sim experiente de enorme sabedoria ."
3002,18,19,social .,ortografia_lexical,,,"Contudo , a humanidade sempre irá movimentar essa pratica de mentir , seja diante da justiça ou partido social ."
3436,36,36,pool,ortografia_lexical,,,"Como é o caso de muitos animais de estimação que parecem mais palhaços fantasiados com suas unhas e seus pelos pintados , roupas coloridas e enfeites que incomodam , e tudo isso segundo seus donos em pool prol da beleza , mas sem sequer se preocupar se isso seria alo se algo de que o animal iria gostar ."
3771,27,29,para o agravamento,colocacao_pronominal,,,O nível educacional de maneira geral e particularmente quanto ao trânsito do povo brasileiro não é lá essas coisas e também é um forte fator de contribuição para o agravamento .
1171,75,76,ocasionando em,ortografia_lexical,,,"É através desses sentimentos que somos impulsionados à a certas atitudes incontroláveis , como por exemplo a raiva , ódio , inveja , ciúmes que levam o ser humano a cometer vários deslizes comportamentais e até mesmo levando-os a cometer delitos criminais ocasionando várias conseqüência negativas e psicológicas , que no homem , o mais recriminado é o "" machismo "" que é um sentimento de superioridade masculina com que nos deparamos até hoje , ocasionando em provocando vários conflitos familiares e até mesmo nas escolas e nas ruas ."
894,17,50,"logo , as paixões encontram-se dentre o segundo caso ; ama-se por que há uma necessidade para isto , logo amamos por que precisamos disso e reduze-se assim o amor em amor próprio .",concordancia_nominal,,,"Já Schopenhauer aprofunda o assunto : diz que só há a compaixão e o amor próprio ; logo , as paixões encontram-se dentre o segundo caso ; ama-se por que há uma necessidade para isto , logo amamos por que precisamos disso e reduze-se assim o amor em amor próprio . Há muitas possibilidades de exemplificação do que já foi dito : o caso da moça Eloá , morta aos 15 anos por seu namorado , Lindemberg , que cria-se apaixonado por ela , e assim justificou seu assassínio , é uma delas ."
1090,13,13,agressão,ortografia_acento,,,"Primeiramente , é necessário diferenciar claramente o que é palmada do que é agressão , agressão : há pais que agridem seus filhos tanto moralmente quanto fisicamente moral quanto fisicamente , buscando uma forma de extravasar ódio e raiva ."
572,18,18,desmoralidade,ortografia_lexical,,,"Entre esses dois pontos percebe-se o nível de diferença do ponto de vista , de um lado a desmoralidade , de outro a normalização ."
3589,13,15,"conquistadas , reivindicações",sintatico_discursivo,,,"Transformações mais efetivas na vida social dos brasileiros ainda estão distantes de serem conquistadas , reivindicações conquistadas ."
42,13,15,"infância , isto",sintatico_discursivo,,,"O homem , por sua vez , começa a prática desse ato na infância , isto é acarretado pelo fato da criança declarar uma inverdade para evitar punições por más ações ."
793,17,17,enfraquece,ortografia_lexical,,,"O desrespeito ao meio ambiente ambiente , a concupscência concupiscência de acumular riquezas e o consumo desnecessário enfraquece enfraquecem a verdadeira riqueza do país que tem por sua gestão o lema ""País rico é país sem pobreza"" , como é que a economia irá se desenvolver sem matéria prima , terão que importar produtos de outros países gastando o ganho da exploração dos nossos recursos e encarecendo os produtos internos comercializados ."
3049,8,14,para que ocorra muitas modificações no ambiente,concordancia_nominal,,,"Os própios seres humanos estão gerando vários fatores para que ocorra muitas modificações no ambiente , ao invés de amenizarem esses trantornos colabaram para o seu aumento , prejudicando a população e ao mundo , há formas de ser amenizado tudo isso , ao invés de utilizarmos as máquinas deveríamos optar por funções manuais , obtendo assim , um desempenho melhor no quadro dessas modificações ."
10,23,23,subjulgar,ortografia_lexical,,,"Mas que tipo de amor é esse que se transforma em obceção ; pois o que se quer , no fundo , é subjulgar a pessoa , que se diz amar ."
1684,10,10,estes,ortografia_lexical,,,Tal dificuldade provem provém da ausência de incentivos para que estes eles aprimorem essa habilidade .
194,11,11,vem,ortografia_lexical,,,"As irregularidades das chuvas continuam impedindo a recuperação dos reservatórios que vem vêm diminuindo desde 2012 e acabou acabaram por ficar em seu limite neste ano , como é o caso da Cantareira Cantareira , que tem apenas 5% de seu potencial total ."
2017,3,3,na,sintatico_discursivo,,,"O clima influencia na a produção agrícola , como consequência , o aquecimento global - fator preocupante - diminuiria a produção , a transgênese interfere com espécies de plantas que enfrentam as mudanças climáticas ."
1085,10,12,ambas as idades,concordancia_nominal,,,"Hoje é comum de se ouvir entres as pessoas de ambas as idades , que os cursos a distancia distância são muito bons e que graças há esta a essa tecnologia hoje pode se ter um curso universitário e um diploma em mãos , e que só assim poderemos almejarmos realizarmos os nossos sonhos , o de ser mais um cidadão com o seu espaço adquirido perante a sociedade , pois é muito bom ser rico de conhecimento e cultura ."
2111,22,25,que os mesmos mereciam,concordancia_nominal,,,"É claro que ela está infeliz e triste , o mesmo ocorre com os idosos que não possuem o respeito necessário e que os mesmos mereciam merecido , afinal , foram eles que começaram a formar a sociedade e que hoje está apenas se evoluindo ."
2722,12,13,"defesa ,",ortografia_lexical,,,"A justificativa de uma ação de vingança á como um ato de defesa , defesa dificilmente virá munida de argumentos suficientes para embasar de forma consistente o que é relatado ."
1614,7,8,possa sim,ortografia_lexical,,,"Enfim que a classe de baixa renda possa sim possa , sim , ter a oportunidade de ter descontos em muitas coisas , pois tem o direito de poder usufluir sim usufruir , sim das coisas que o pais país oferece ."
863,37,37,Transito,ortografia_lexical,,,"Um projeto para melhorar esse problema já está sendo executada , executado : a duplicação da ponte sobre o rio Itacaiúnas e da rodovia transamazônica ainda não foi concluída , mas melhorou em 60% o fluxo do Transito trânsito na cidade ."
522,12,16,chega em casa do labor,sintatico_discursivo,,,"A concepção hodierna de homem não é mais a do ser que chega em casa do labor chega do labor , aguardando ser recebido em casa por uma esposa e casa linda , esposa linda , com um jantar impecável pronto e chinelos na porta ."
2859,5,7,"motoristas , serão",sintatico_discursivo,,,"Transtornos gerados a comerciantes e motoristas , serão motoristas serão discutidas até se alcançarem soluções ."
2869,6,17,a esse pensamento um ser de caráter perfeito sem maldade nem malícia,concordancia_verbal,,,O conceito de herói leva justamente a esse pensamento um ser de caráter perfeito sem maldade nem malícia .
420,0,0,Ela,ortografia_lexical,,,Ela é uma operação indolor que pode ocorrer através da autorização dos familiares ou simplesmente pela deliberação dos funcionários superiores do hospital .
695,12,12,delongam,ortografia_lexical,,,"São homens e mulheres que põem o casamento em segundo plano e delongam os anos de convivência familiar porque , na maioria das vezes , não querem abandonar o conforto que possuem vivendo com os pais ."
2611,3,4,sócios econômicos,ortografia_lexical,,,Faltaram os projetos sócios econômicos socioeconômicos .
1276,25,27,e a vista,colocacao_pronominal,,,"A obesidade nos Estados Unidos tem um índice mais alto , por causa das redes de Fast-Food localizada fast-food localizadas nos centros das cidades , e a vista e a visualização desses alimentos gordurosos chama a atenção da população para uma vida menos saudável , chegando a causar até o sedentarismo ."
967,9,9,as,crase_preposicao,,,"Porque uma parte das vagas fica restrita , e as vezes as mesmas nen são preenchidas pelos alunos beneficiados , e é desleal a diferença da nota de corte ."
956,4,19,"´´ divisor de água´´ é a relação entre pais e filhos , cuja tende a piorar",concordancia_verbal,,,"No momento o grande ´´ divisor de água´´ é a relação entre pais e filhos , cuja tende a piorar ."
761,23,23,ultimas,ortografia_lexical,,,"Castigar fisicamente crianças como forma de educar-las educá-las é uma pratica prática adotada por milhares de anos pelas sociedades humanas , mas nas ultimas últimas décadas este esse método vem sendo questionado sua eficaz e banido até mesmo através de leis governamentais ."
438,9,10,"natureza ,",ortografia_lexical,,,"O cientificismo que determina o homem como agressivo por natureza , natureza não deve ser visto como uma desculpa para seus atos os atos dele , mas sim como um caminho para que autoridades construam um país menos machista , onde a resolução de problemas pela violência não encontre aceitação pela sociedade ."
2012,35,35,pode,ortografia_lexical,,,"A criminalidade infantil está aumentando diariamente , por conta da falta de estrutura familiar e de incentivos à prática de esportes , causando grandes problemas para os cidadãos que , diante da situação , nada pode podem fazer , visto que a lei brasileira não permite que crianças com menos de 12 anos sejam presas , ou tome recebam qualquer pena ."
2018,5,6,corpo mais,ortografia_lexical,,,"Se a mulher mostra seu corpo mais corpo , mas de maneira adequada , não sofrerá assédios , pois , a pois a educação e o respeito a si próprio , muda própria mudam sua postura ."
1859,41,42,e também,ortografia_lexical,,,"Porém , a legislação brasileira não deve estar ao dispor de interesses capitalistas de empresas parceiras da FIFA ou de qualquer outra instituição , sobretudo quando se trata da saúde e e da segurança dos tanto dos filhos de sua soberania e também quanto dos visitantes de todo o mundo ."
570,14,18,e isso dentro dessa família,sintatico_discursivo,,,"Levando em consideração que vários pais criam seus filhos dando "" selinhos "" , e isso dentro dessa família o que para eles se torna algo perfeitamente normal , pode-se julgar que não há problema nenhum , mas o problema só não existe para as pessoas que conhecem a família e sabem que não há maldade nesse ato ."
3127,20,20,e,sintatico_discursivo,,,"Devemos nós nos aprofundar e estabelecer um compromisso de ambos os lados , para a melhor comunicação com os alunos e e , assim , saber o que esta está acontecendo em sua vida , os problemas , as dúvidas , achando assim uma forma de ajudar esse aluno ."
574,9,18,tirar a venda da hipocrisia que nos impede de enxergar,sintatico_discursivo,,,"É tempo de mudar , renovar os pensamentos e tirar a venda da hipocrisia que nos impede de enxergar ."
380,6,6,selinhos,ortografia_lexical,,,"Também há pessoas que sempre recusam selinhos "" selinhos "" , mesmo de quem gostam muito , porque seus pais proíbem a criança ."
2291,4,4,esta,ortografia_lexical,,,"Para algumas pessoas , esta essa proibição retrata significa grande invasão do governo na vida privada , mas , para outras , o diálogo é a melhor maneira de se educar , sendo a violência desnecessária e a lei correta ."
3019,15,15,tolerava,ortografia_lexical,,,"Desde tempos antigos , onde quando o Brasil ainda era escravista , já não se tolerava toleravam cultos de religiões africanas nos engenhos ."
309,16,16,esta,ortografia_lexical,,,"Logo , a criança brasileira cresce vendo os pais e sua família se alcoolizando , guardando esta essa imagem como um exemplo a seguir ."
1153,7,8,mega evento,ortografia_lexical,,,"Sabe-se que para a realização de um mega evento megaevento , como a Copa do Mundo , é necessária uma infraestrutura de primeiro mundo , e o Brasil , país do futebol , é o próximo a receber o grandioso espetáculo da FIFA ."
3816,39,39,iram,ortografia_lexical,,,"É importante que os casamento casamentos de abuso seja sejam responsabilidade civil , penal e administrativa , pois não deixa deixam de ser crime e e , se ficar apenas na responsabilidade da Universidade universidade , os problemas não iram irão diminuir expressivamente ."
1289,25,25,humana,sintatico_discursivo,,,"Dessa forma , enquanto perdurar nossa insensibilidade e desprezo pelo que prevê a lei maior em seu artigo quinto e somarmos a ele mais sensibilidade humana humana , seremos uma sociedade de normas falhas falhas , incapazes de resolver problemas da qual sabemos a solução mais cuja solução sabemos , mas insistimos em ignorar ."
1982,35,35,e,sintatico_discursivo,,,"Apesar de ser considerada uma droga , a maconha é natural e nunca causou mortes , ao contrário de do cigarro e da bebida , que mata matam mais de 200 mil pessoas por ano e e , ainda assim , estão estampados em todo o mundo ."
914,3,3,às,crase_preposicao,,,"Daqui para frente às coisas vão piorar a cada dia , pois nossa sociedade vai ser sempre a mesma , nada mais vai mudar e milhares de bairros se tornaram favela por causa da marginalidade ."
3750,18,18,vem,concordancia_verbal,,,"O que antes era O estudo , antes apenas praticado por ricos , hoje em dia os estudos vem vem atingindo qualquer tipo de classe social ."
679,3,3,contexto,sintatico_discursivo,,,"Com base nesse contexto contexto , deve-se analisar que os trotes trotes , quando passa passam do limite do bom senso deve ser considerado senso , devem ser considerados crime ."
1935,35,35,no,ortografia_lexical,,,"Analisando , por instância , a sociedade brasileira , é possível afirmar que as demonstrações de desonestidade e covardia ética na política fizeram com que o povo passasse a descrer nos dos próprios políticos e no do semelhante e na da capacidade de mudar a realidade social por meio da política ."
2237,5,5,esta,ortografia_lexical,,,"A maioria dos pais veem esta essa situação como algo normal , permitindo que eles bebam dentro de casa , porém não pensam que eles mesmo podem se tornar vitimas deste vicio , mesmos podem se tornar vítimas desse vício , pois o álcool é o principal causador de mortes no trânsito , estupro e agressões , tanto fisicas quanto verbais ."
3040,14,16,"Desta forma ,",sintatico_discursivo,,,"O papel da escola é de suma importância na formação lingüística do indivíduo . Desta forma , indivíduo , pois cabe a ela ensinar a norma culta da língua ."
1065,13,16,"verdadeira , a notícia",sintatico_discursivo,,,"Parece mais um roteiro de filme de ficção científica , porém , é verdadeira , a notícia verdadeira a notícia de que uma empresa estaria recrutando pessoas para ir ao planeta Marte e não voltar mais ."
1956,29,30,resultados e,ortografia_lexical,,,"É preciso que todos se conscientizem e faça façam a sua parte em vez de ficar procurando quem é o culpado , pois governo e população unidos trariam grandes resultados e resultados , evitariam grandes estragos e altos custos em ter que construir centenas de casas , reconstruírem cidades e muitas pessoas não perderiam seus familiares ."
3743,0,0,A,crase_preposicao,,,"A Há várias formas das de as pessoas próximas , expressar expressarem o quanto gostam uma s das outras , e algumas , de forma carinhosa , dão um selinho "" selinho "" ."
3508,0,12,"È possível sim ter um pais que existe várias diferenças , a base",concordancia_verbal,,,"È possível sim ter um pais que existe várias diferenças , a base É possível , sim , haver um país em que existem várias diferenças ."
972,0,21,O que aconteceria então com essas estatísticas se o efeito potencializador da bebida fosse empregado sobre os efeitos já nocivos da maconha,concordancia_nominal,,,O que aconteceria então com essas estatísticas se o efeito potencializador da bebida fosse empregado sobre os efeitos já nocivos da maconha .
1946,26,26,observar,sintatico_discursivo,,,"Outro dia uma mãe reclamava que a educação do colégio do seu filho não prestava e que os professores não ensinavam bem , só que ao observar observar-se a situação profundamente , foi constatado que o menor sempre faltava a à escola e quando chegava em a casa não pegava mais nos livros para estudar ."
1591,0,22,"Porém , as pessoas acabam esquecendo de um dos maiores perigos a que estão sujeitas na internet : o contato com desconhecidos .",concordancia_verbal,,,"Porém , as pessoas acabam esquecendo de um dos maiores perigos a que estão sujeitas na internet : o contato com desconhecidos . Quando se conversa com alguém através de uma sala de bate-papo , é impossível saber se a pessoa está falando a verdade ou não , e , assim , muitos jovens acabam se deixando seduzir por seus "" novos amigos "" e acabam sofrendo graves conseqüências , como , em certos casos , a morte ."
3377,0,1,O selinho,colocacao_pronominal,,,"O selinho "" selinho "" é , na maioria das vezes , uma demonstração de afeto e carinho , nas famílias e entre os amigos ."
2283,0,11,"Mas por outro lado , essa boa ação tem sido prejudicial .",concordancia_verbal,,,"Mas por outro lado , essa boa ação tem sido prejudicial . Pois o urânio enriquecido se transforma em produto perigoso a o contato com ser humano , podendo provocar acidentes ."
1230,53,53,vários,sintatico_discursivo,,,"Os estudantes foram maus educados mal-educados chamando a estudante Geisy de garota de programa alem além de maus educados mal-educados foram muito preconceituosos porque até mesmo uma prostituta tem o direito de ter uma profissão uma vida digna , logico lógico agora a Geisy ta está colhendo o fruto desse escândalo participando de vários vários programas de televisão ."
531,15,15,acaba,ortografia_lexical,,,"todosmentiros seres humanos incondicionalmente precisam , mas quando este recurso é usado de forma exarcebada acaba se tornando uma doença ou um distúrbio de caráter moral ."
566,14,16,"verdade , e",sintatico_discursivo,,,"Entretanto , não aprovamos as aitudes do mentiroso habitual , que propositalmente falsea a verdade , e , com base na mentira busca uma autoafirmação doentia , tanto afetiva como financeira e política , completamente preducial aos outros ."
10,11,11,obceção,ortografia_acento,,,"Mas que tipo de amor é esse que se transforma em obceção ; pois o que se quer , no fundo , é subjulgar a pessoa , que se diz amar ."
1300,18,19,entenderem sem,ortografia_lexical,,,"Vivemos em um país democrático , onde as pessoas possuem o livre arbítrio para fazerem o que bem entenderem sem lógico que afete outra pessoa , dentro da lei ."
1228,20,20,de,ortografia_lexical,,,"Geralmente , o "" saber "" quando todos nós morreremos se faz importante porque , porque traz consigo a reflexão de sobre a efemeridade da vida , de sobre como a vivemos , etc ."
710,10,10,ela,ortografia_lexical,,,"A vantagem reside na certeza de que tudo o que ela ele identifica como injustiça , representada na fruição de alegrias , benesses , vitórias imerecidas , pelos seus inimigos ou rivais irá ser aniquilado ao mesmo tempo que sua própria vida ."
2635,32,33,das vezes,ortografia_lexical,,,"A pressão política é necessária , é o ponto positivo de que algo esta está sendo feito e que não vai ficar só no papel , porque a impunidade encoraja , muitas das vezes muitas vezes , a prática da violência ."
3414,8,8,Seria,ortografia_lexical,,,"O que caracteriza o envelhecimento do homem ? Seria Seriam as condições físicas , que com o passar dos anos se tornam : andar lento , voz cansada , rosto enrugado , corpo decaido decaído , ou simplesmente o fato de se ter atingido uma certa idade ?"
1618,10,10,comprida,ortografia_lexical,,,Necessitamos de leis mais severas e que a punição seja comprida cumprida .
3273,15,15,comercializantes,ortografia_lexical,,,"Esta seria uma decisão que beneficiaria apenas as indústrias farmacéuticas , os fabricantes e os comercializantes dessa droga ."
750,6,9,relevantes como se a,sintatico_discursivo,,,"Nesse caso existem aspectos que são relevantes como se a pessoa busca um companheiro ou é um modo de irritar a família , ou até mesmo um modo de suprir suas carências afetivas ."
2834,0,18,"No entanto , vários problemas psicológicos podem-se acarretar ainda criança , onde não há uma formação específica da personalidade",concordancia_verbal,,,"No entanto , vários problemas psicológicos podem-se acarretar ainda criança , onde não há uma formação específica da personalidade Devido a essas violências , muitos problemas psicológicos podem ser provocados nas crianças , pois estas não estão com a personalidade totalmente formada ."
263,3,6,uma geração de momentos,sintatico_discursivo,,,"Entretanto , trará uma geração de momentos momentos que ficarão para a história brasileira ; as torcidas proeminentes serão relembradas pelos meios de comunicação ."
2425,11,11,esta,ortografia_lexical,,,"Mas o que dizer quando jovens querem viver "" intensamente "" esta essa fase e extrapolam em suas diversões ?"
436,22,25,combate à tais políticas,sintatico_discursivo,,,"Somado à falta de competência regulamentar e de bom senso governamental , no trato do assunto , criou-se uma verdadeira atmosfera de combate à tais políticas afirmativas relegando o questionamento principal ( inclusão social ) a segundo plano ."
2033,3,18,"um país com quase metade de sua população negra , somente 2% esteja nas universidades .",sintatico_discursivo,,,"É inaceitável que um país com quase metade de sua população negra , somente 2% esteja nas universidades . A política de cotas no Brasil é uma maneira de introduzir os negros nas universidades ."
1259,10,10,sim,ortografia_lexical,,,"A falta de cultura limita muito conhecimento , mas ainda sim assim tem o entendimento que a morte de Bin Laden não foi correta , não deixou com a consciência limpa quando foi praticado , simplimente simplesmente acarretou um peso que irão carregar nas costas que não permite ficar com a alma limpa ."
3170,34,35,"XXI ,",ortografia_lexical,,,"As visões do meio familiar em relação a à mudança dos casais homem e mulher para a agregação dos casais homoafetivos é mais aceitável na geração em que vivemos do que antes do seculo XXI , entre os jovens XXI ."
1130,7,7,Porém,ortografia_acento,,,"Por enquanto mentir não é crime , Porém nossa consciência às vezez é mais cruel com nós mesmos do que qualquer castigo já conhecido pela humanidade ."
231,8,8,pêlos,ortografia_acento,,,"Hormônios fervendo no corpo , pele impregnada de pêlos pelos , emoções exacerbadas , aumento da responsabilidade , decisões profissionais , incompreendidos e agora alcoólatras ."
1500,40,40,extendida,ortografia_lexical,,,"À juventude pobre pobre , lhe é negado o acesso a direitos fundamentais , o que sustenta a criação de mecanismos para que possa realizar plenamente sua cidadania , como é o caso da meia-entrada , que poderia inclusive ser extendida estendida a todas as pessoas beneficiadas por programas sociais como o Bolsa Família ."
2538,28,28,a,crase_preposicao,,,"Por outro lado , os ambientalistas criticam as pesquisas , a industrialização e a comercialização desses organismos , dizendo que os mesmos trazem riscos a à saúde e a à biodiversidade , promovendo o aumento de alergias e até mesmo células cancerígenas no organismo dos seres humanos e causando a infertilidade dos solos , a solos e a criação de superpragas , levando o devido ao aumento anual de substâncias inseticidas ."
2211,41,43,filhos ou filhas,sintatico_discursivo,,,"Me parece Parece-me/Parece bizarro e até vergonhoso ver que , em um país onde a justiça não consegue prender nem os pedófilos espalhados por ele aí , perca perca-se tempo agora condenando as pessoas por darem "" selinhos "" em seus filhos ou filhas filhos , pelo simples fato de algumas pessoas acharem que existe apelo sexual neste tipo de comportamento ."
127,34,34,do,ortografia_lexical,,,"Os protestos que ocorreram tinham como propósito conscientizar a população sobre os possíveis maus-tratos aos animais que serviram como cobaia , porem porém tais movimentos tinham membros de grupos mau-intencionados mal-intencionados , como o do dos black blocs , infiltrados que utilizaram dos movimentos o movimento para dificultar a identificação de seus integrantes durante o ato de vandalismo que praticaram , fazendo ainda que o movimento perdesse sua credibilidade ."
1281,24,24,pela,sintatico_discursivo,,,"Ao Com o passar dos anos , as discussões sobre a aids veem vêm perdendo destaque , o que pode ser se dever tanto pela à utilização de drogas que prolongam a vida dos doentes , quanto pelo ao distanciamento da juventude atual a em relação à preocupação de com a prevenção ."
1424,21,21,essa,ortografia_lexical,,,"O FMI , juntamente com a própria União Européia Europeia , sob a liderança de Alemanha e França , tentam acabar essa com essa crise ."
1938,12,12,é,ortografia_acento,,,"É impossivel adivinhar o estado de espirito do motorista ao lado , é e por isso é melhor tomar uma atitude preventiva , pedir desculpas ao realizar alguma manobra arriscada sem a intençao de agredir outro motorista , evitar troca de olhares , seguindo para cara feia , gestos obscenos , palavroes ."
1798,29,29,à,crase_preposicao,,,"O castigo fisico vêm vem se tornando mais comum nas conversas entre crianças e adolescentes , mas com o novo projeto de lei que proibe proíbe o castigo fisico à a crianças e adolescentes , o cenário irá mudar completamente ."
611,23,23,uma,ortografia_lexical,,,"Com o passar do tempo , é inegável a tendência de que o individuo acumule experiência de vida , e com isso tenha uma maturidade maior para procurar decisões acertadas para suas escolhas , levando em consideração aquilo que já tenham vivenciado , ficaria claro que seria irrefutável que esta essa pessoa quanto mais velha , melhor se tornaria nas questões de relacionamento inter-pessoais interpessoais sobre tudo sobretudo amorosas , ; mas não é o que acontece , pois existem fatores importantes que controlam a maturidade , entre elas eles a personalidade , intensidade , os traumas emocionais e etc etc ."
132,1,2,incrivelmente assustador,ortografia_lexical,,,"É incrivelmente assustador quando o homem faz "" trocas de valores "" : inversão de prioridades ."
2322,4,4,vem,concordancia_verbal,,,Os avanços da medicina vem vêm nos ajudando muito para a eliminação das enfermidades do dia-dia dia a dia de todo ser humano .
457,7,9,"conturbado , isso",sintatico_discursivo,,,"O mês de outubro foi um mês conturbado , isso conturbado ."
548,35,40,"policiais e ""facilitar"" suas vidas .",sintatico_discursivo,,,"Também não podemos nos orgulhar dos recursos repassados para este setor que vem sendo menor do que o necessário necessário , o que acaba facilitando para o tráfico , que muitas vezes consegue corromper os policiais e ""facilitar"" suas vidas ."
889,15,17,"cotidiano , geram",sintatico_discursivo,,,"É evidente , portanto , que sociedades intimamente dispostas a aderirem ao ciclismo em seu cotidiano , geram cotidiano geram um ambiente mais satisfatório ."
463,14,15,se é,concordancia_verbal,,,"É importante que se tenha postura de ambas as partes , de tal forma se é é cumprido o tão utópico lema ""Ordem e progresso"" ."
3692,28,30,"feito , o",colocacao_pronominal,,,"Também deveria haver uma maior fiscalização e conscientização dos candidatos ao exibir suas propostas e tentar para tentarem oferecer aquilo que , se eleito , possa realmente ser feito , o feito ."
349,21,22,idade .,ortografia_lexical,,,"Hoje o álcool é encontrado em qual quer qualquer lugar e vendido para qual quer qualquer pessoa , independente de sua idade ."
709,2,2,nao,ortografia_lexical,,,"Apesar de nao não existir uma lei que possa punir o terrorismo , o brasil Brasil tem crescido muito em segurança publica pública , um dos exemplo mais conhecido exemplos mais conhecidos é a chegada da policia polícia pacificadora nos morro na cidade do rio de janeiro e outros estado morros da cidade do Rio de Janeiro e de outros Estados ."
352,0,29,"Com mentiras , criaram-se motivos para guerras e tratados de paz ; no plano interpessoal , são constantemente utilizadas pelas pessoas , demonstrando quanto ela está presente no cotidiano .",concordancia_verbal,,,"Com mentiras , criaram-se motivos para guerras e tratados de paz ; no plano interpessoal , são constantemente utilizadas pelas pessoas , demonstrando quanto ela está presente no cotidiano . A mentira revela uma certa fraqueza humana em lidar com a realidade ."
434,18,18,seu,ortografia_lexical,,,"Devemos resistir a vontade de vingar-nos vingança e devemos expressar amor , não se nos alegrando quando o seu nosso inimigo fracassa ."
2924,42,44,"defende , levando",sintatico_discursivo,,,"A imprensa no Brasil é livre para investigar , opinar , e publicar o que quiser , muitas vezes cometendo excessos ou pendendo para um dos lados do tema abordado , sem considerar as opiniões contrarias contrárias ao tema que a mídia defende , levando defende ."
2331,14,14,significância,ortografia_acento,,,"O lançamento deste desse projeto tem gerado muita polêmica , porém é de grande significância que os governantes busquem alternativas quanto aos menores que consome consomem drogas e pratica crime praticam crimes sem menhum juízo de valor ou interdição ."
556,17,17,alagoas,sintatico_discursivo,,,"Por conta disso houve grandes rebeliões e fugas , esta o que resultou na formação , em alagoas Alagoas , do maior quilombo do Brasil , Palmares , seu ícone Zunbi cujo maior ícone foi Zumbi ."
1435,31,31,tem,ortografia_lexical,,,"A defamação difamação e as calunias calúnias não fazem parte do jonalismo jornalismo , os meios de comunicação devem possuir responsabilidade ao divulgar determinadas noticias notícias , mostrar fatos reais , tem pois têm um dever com a sociedade e cabe a ela eles a responsabilidade de divulgar as informações ."
2449,36,36,nao,ortografia_lexical,,,"Nas escolas e até no trabalhos deve ter palestras educativas a respeito do lixo , mostrando como os catadores de lixo sofrem com a nossa irresponsabilidade , e se continuar assim daqui a uns 30 anos nao não vai mais haver lugar para construir lixões pela cidade ."
3189,24,24,adultos,sintatico_discursivo,,,"Hoje , com pouco mais de vinte e um anos , é um maior cuidando de menores e e , assim como os nossos adultos adultos , com pouca eficácia ."
2383,36,38,chuvas e embora,sintatico_discursivo,,,"Neste último episódio que ocorreu na área serrana do Rio de Janeiro , acometendo principalmente Teresópolis e Nova Friburgo , autoridades afirmaram que a catástrofe se deve ao foi decorrente do nunca antes visto volume de chuvas e embora chuvas ."
152,23,30,associados que uma pessoa que sofre com o,sintatico_discursivo,,,"Depressão , ansiedade , estresse , perda de auto-estima , problemas de relacionamento , abuso de drogas e álcool são os principais problemas associados que uma pessoa que sofre com o pelos quais a vítima do "" bullying "" pode passar ."
3516,14,14,parece,ortografia_lexical,,,"Esse conflito é vivenciado também no ambiente escolar , educadores pois educadores e alunos parece parecem não se entenderem , uma vez que os jovens , influenciados pelas divergências familiares , adotam atitudes passivas quanto aos estudos ."
3345,26,28,", e o",colocacao_pronominal,,,"O primeiro tem como grande protagonista principal representante os Estados Unidos e fez uma grande estátua como marco desde processo que nomeou como Estátua da Liberdade , e o Liberdade ."
3005,6,6,de,ortografia_lexical,,,"Outro fator decorrente do fácil acesso de ao crédito é o aumento nas taxas e e nos juros cobrados pelas instituições financeiras , que se utilizam deste desse quadro para diminuir os prejuízos dos endividados e obter lucro dos novos consumidores ."
3368,35,36,passará por,ortografia_lexical,,,"O trote nas Universidades , serve universidades serve como uma forma de integração entre calouros e veteranos , em que os novatos deveriam ser recebidos de forma a se familiarizar com o ambiente em que passará por passarão um certo período da vida ."
865,0,21,"Está comprovado cientificamente que as brigas e discussões entre as gerações se dão , principalmente , por se tratarem de culturas diferentes",concordancia_verbal,,,"Está comprovado cientificamente que as brigas e discussões entre as gerações se dão , principalmente , por se tratarem de culturas diferentes , em um mundo completamente tecnológico e informatizado , onde as pessoas conhecem cada vez mais seus direitos ."
2018,18,20,"pois , a",colocacao_pronominal,,,"Se a mulher mostra seu corpo mais corpo , mas de maneira adequada , não sofrerá assédios , pois , a pois a educação e o respeito a si próprio , muda própria mudam sua postura ."
1931,9,26,seria a gramática cheia de normas desnecessárias ou a comunicação seria afetada pela falta ou desvios dela ?,sintatico_discursivo,,,"Muitos discutem sobre a real utilidade da gramática : seria a gramática cheia de normas desnecessárias ou a comunicação seria afetada pela falta ou desvios dela ? De fato , a língua portuguesa é repleta de jeitos de falar ; é comum perceber as pessoas com novas palavras , novas gírias , muitas vezes fugindo das regras gramaticais ."
666,2,3,contra a,colocacao_pronominal,,,"Sou totalmente contra a contra qualquer tipo de aborto , exceto às quais correm nos casos em que a mulher corre risco de vida ."
986,13,13,encontram,ortografia_lexical,,,"Referente à capacidade de interpretar textos textos , a maioria dos brasileiros se encontram encontra aquém do ideal , tal ideal ."
3662,17,21,suas limitações devido sua idade,sintatico_discursivo,,,"Na cidade na qual ficamos , minha avó , uma baiana "" arretada "" , já com suas limitações devido sua idade as limitações da idade , sempre fazia dezenas de perguntas a à mesma pessoa , a qual respondia com uma serenidade de dar espanto - nem eu , neto dela , teria tanta paciência para responder as questões levantadas pela minha acompanhante da terceira idade !"
2733,7,7,presidenta,ortografia_lexical,,,"Por fim , como dito pela primeira presidenta presidente do país : ""Sim , a mulher pode ! "" ."
645,41,41,ao,crase_preposicao,,,"Como cada indivíduo têm tem sua opinião própria e liberdade de expressão , cabe á nos , respeitarmos cabe-nos respeitar o próximo , e suas atitudes , pois temos de nos conscientizar de questões maiores para nos conscientizar , em relação ao a um simples selinho ."
3369,27,27,educação,sintatico_discursivo,,,"Organizadores se demonstram mostram preocupados com a finalização das obras , e quando obras e , quando questionados a respeito de setores como os da saúde e educação educação , mostram indiferença , tentando deixa deixar evidente a importância deste acontecimento na ""terra do futebol"" ."
3138,26,26,Puro,sintatico_discursivo,,,"Assim os biografados se sentem explorados , pois suas vidas estão relatadas em um livro , e pessoas tirando proveito disso tudo sem serem autorizados ; Puro puro mercado , fama e dinheiro ."
907,7,7,senado,sintatico_discursivo,,,"A muito tempo vêem sendo discutido no senado Senado a concessão da meia entrada meia-entrada para jovens de baixa renda , estudantes , portadores de necessidades especial e idosos ."
1349,22,22,transito,ortografia_lexical,,,Ao longo do tempo elas irão tomar conta das cidades e com certeza as mesmas serão a melhor estratégia para melhorar o transito trânsito e a poluição no país .
2303,3,5,"importante , é",concordancia_verbal,,,"Um outro fator importante , é importante é o que passa na cabeça de uma pessoa que briga ."
2237,58,58,fisicas,ortografia_lexical,,,"A maioria dos pais veem esta essa situação como algo normal , permitindo que eles bebam dentro de casa , porém não pensam que eles mesmo podem se tornar vitimas deste vicio , mesmos podem se tornar vítimas desse vício , pois o álcool é o principal causador de mortes no trânsito , estupro e agressões , tanto fisicas quanto verbais ."
3766,32,43,"deixando um bebê morrer abandonados , jogados nos valões dos subúrbios urbanos",sintatico_discursivo,,,"É importante que a sociedade seja educada para respeitar os animais , o que não pode acontecer é a inversão de valores ao tratar um cachorro como se fosse um bebê , deixando um bebê morrer abandonados , jogados nos valões dos subúrbios urbanos ."
175,2,2,Sem,sintatico_discursivo,,,"É , Sem sem dúvida , um início de uma mudança e viável , o difícil é mudar o pensamentos das pessoas ."
3233,26,27,rua quie,ortografia_lexical,,,"Em outra vertente , está a população que tem o simples dever de separar o lixo orgânico do lixo reciclável e não jogar o lixo na rua quie rua , pois isso entope os bueiros , provocando as enchentes ."
2551,7,7,leva,ortografia_lexical,,,A convivência eis um dos meios que leva principalmente crianças e adolescentes a repetir aquilo que os pais ou familiares demonstram sobre visão deles .
2098,0,1,Em noventa,ortografia_lexical,,,"Em noventa Na década de 1990 , após vinte anos de ditadura militar no Brasil , o povo elege democraticamente o seu primeiro Presidente da República ."
3040,12,13,indivíduo .,ortografia_lexical,,,"O papel da escola é de suma importância na formação lingüística do indivíduo . Desta forma , indivíduo , pois cabe a ela ensinar a norma culta da língua ."
2670,18,19,que indefeso,ortografia_lexical,,,"Do animais , do outro lado pode-se observar o maltrato , a ação desumana para com o animal que indefeso que , indefeso , recebe um tratamento como se fosse um ser-não vivo se não fosse um ser vivo ."
1897,54,54,igualitário,ortografia_acento,,,"Pois somos submersos as evoluções que o mundo faz a cada tempo de mudanças , sendo assim , o "" homem "" ao desempenhar o papel de falso ou ele estas se alto- ajudando ou esta danificando a alguém ou a algo que lhe possa prejudicar , realizando qualquer atitude dessas no ambiente político igualitário ."
3716,31,32,uma amigo,concordancia_nominal,,,"Com a mentira na infância , as pessoas ao redor da mentirosa começam a olhar ela com outros olhos , ninguém gosta de viver no mundo da mentira , de ter uma amigo que mente o que possui pelo simples fato de querer ter algo ."
369,2,2,deles,ortografia_lexical,,,"A resposta deles dos governantes para esse tipo de pergunta é que são fatalidades , fenômenos naturais , dizem que nada podem fazer diante de tal acontecimento ."
3319,11,12,essas tem,concordancia_verbal,,,"Na medida em que duas pessoas têm afeto entre si , essas tem elas têm o direito de serem ser tratadas como família , tendo todos os direitos de do matrimônio , e de registrarem sua união ."
69,6,7,psiquê social,ortografia_lexical,,,""" Correntes "" são criadas pela psiquê social prendendo de psique social , prendendo , de algum modo , a todos ."
3796,10,11,"partes ,",ortografia_lexical,,,"Portanto , esse instrumento legal ampara e beneficia ambas as partes , partes e é obrigação do brasileiro enquanto cidadão ter o conhecimento ainda que superficial daquele que irá dirigir seu pais país ou sua cidade , a cidade ."
3237,1,1,porque,sintatico_discursivo,,,"Isso porque porque , ao anular o voto , comovido pela insatisfação subjetiva com a estrutura política , não se anulam as eleições ."
3323,37,41,que tenham o livro publicado,sintatico_discursivo,,,"Nestas biografias não autorizadas , podem conter Essas biografias não autorizadas podem conter inverdades sobre o biografado , e as pessoas retratadas nos livros alegam que os escritores não sabem o suficiente sobre suas vidas , para que tenham o livro publicado para escreverem um livro sobre ela ."
3700,28,30,"sofrem , sem",sintatico_discursivo,,,"Os manifestantes deveriam saber , antes de invadir propriedades particulares , que existem nas ruas , muitos ruas muitos animais , como cães e gatos , abandonados que sofrem , sem sofrem sem alimento e sem água ."
2175,32,34,Brasil o que,colocacao_pronominal,,,"Fomos recepcionar os jogadores no aeroporto com palavras desmotivadoras , culpando-os por uma copa Copa , apesar de que daqui a quatro anos teremos mais uma e , ironicamente , será no Brasil o que Brasil ."
3355,4,4,forma,sintatico_discursivo,,,"Fica claro , dessa forma forma , que a menor participação populacional no Estado é inegavelmente uma mera consequência da hipocrisia do indivíduo ."
1560,6,8,""" reciclagem """,sintatico_discursivo,,,"Todos teriam que passar por uma "" reciclagem "" reciclagem para que assim soubéssemos como se nos comportar no trânsito e conviver com as bicicletas ao lado de carros , motos , caminhões e ônibus , o que não é algo impossível e nem complicado de ser feito ."
1428,16,20,na maneira que os condiz,concordancia_nominal,,,"Com este novo projeto de lei , os pais perdem o direito de educar os filhos na maneira que os condiz da maneira que julgam adequada , sendo assim punidos por tentarem criar melhores cidadãos para o futuro ."
3701,23,25,"história , as",concordancia_nominal,,,"O Brasil foi evidenciado recentemente pela mídia internacional , por conta do crescente número da índice de criminalidade , antes nunca registrado na história , as história ."
2205,40,40,idéia,ortografia_acento,,,"Primeiramente eles tentaram tirar os beagles daquela situação que encontraram em que se encontavam , mas não pensaram em um porém porém , que essas pesquisas são importantes para nós nós , seres humanos , apesar de ser dolorosa a idéia ideia de ver seres vivos em uma situção situação como aquela ."
27,9,9,esta,ortografia_lexical,,,As pessoas estão mais vigilantes sobre com o que esta está acontecendo no país .
2895,17,18,"visem ,",ortografia_lexical,,,"Entretanto , a desigualdade social que resulta na violência precisa de ser combatida com iniciativas econômicas que visem , visem a , por exemplo : uma melhor distribuição de renda principalmente para educação , saúde , desemprego geração de empregos , segurança , entre outros ."
2207,3,3,a,crase_preposicao,,,É normal que a passar por todas essas etapas uma garota amadureça mais rapido que um garoto que aos 14 e 15 anos ainda tem infatilidades que normalmente elas detestam .
726,25,25,das,ortografia_lexical,,,"Mas para que tais revoluções nesses sítios se realizem , é preciso quebrar certos paradigmas de costumes , que tem têm uma influência teórica consolidada das nas pessoas , quando o assunto é o tipo de vestimenta adequado ."
3356,8,9,dessa batalha,ortografia_lexical,,,"Os valores de igualdade pregados pelo reverendo ícone dessa batalha da batalha contra isso , Martin Luther King , nunca foram tão deturpados ."
1299,3,3,conta-se,ortografia_lexical,,,"Ou seja , conta-se contam-se os votos nos candidatos e nos partidos , sem levar em consideração os brancos e nulos nos cálculos do resultado ."
873,2,4,"lembrar , da",sintatico_discursivo,,,"Muitos devem lembrar , da lembrar-se da eleição de cinco deputados federais , do já extinto PRONA ( Partido da Reedificação da Ordem Nacional ) , que se beneficiaram , diretamente , da votação expressiva do candidato Enéas Carneiro , famoso pelo seu bordão inconfundível : Meu nome é Enéas !"
495,30,30,ideologia,ortografia_lexical,,,"No Brasil se defende a ideologia tese de que o povo brasileiro é desprovido de preconceito e intolerância , contudo as ações praticadas por alguns membros desse povo derruba essa ideologia ideia ."
2930,1,3,muitas das vezes,concordancia_nominal,,,Portanto muitas das vezes muitas vezes agridem sem causa ou razão fazendo com que essa criança se revolte e acabe sendo tão violento ao ponto de destruir sua vida ou até mesmo o seu próximo .
1567,9,11,"todos , pedalar",concordancia_nominal,,,"Além disso disso , é um exercício benéfico para todos , pedalar todos pedalar até seu destino , para destino ."
832,20,20,então,ortografia_acento,,,"No século XIV , nasceu um grande clássico : A Divina Comédia , de Dante , e que , desde então então , coleciona inúmeros admiradores , é inspiração para obras de artes diversas , escritores e passou de arte e escritores diversos , além de ter passado por diversas adaptações ."
3771,14,18,não é lá essas coisas,concordancia_verbal,,,O nível educacional de maneira geral e particularmente quanto ao trânsito do povo brasileiro não é lá essas coisas e também é um forte fator de contribuição para o agravamento .
1454,30,32,que a bicicleta,colocacao_pronominal,,,"Trazendo ruas , trazendo , assim , menos poluição para a atmosfera , sabendo que uma vez que o carro emite gases poluentes por usar a gasolina como combustível e que a bicicleta que , para a bicicleta , é necessário apena apenas o esforço Físico físico de quem a conduz ."
709,40,49,morro na cidade do rio de janeiro e outros estado,concordancia_nominal,,,"Apesar de nao não existir uma lei que possa punir o terrorismo , o brasil Brasil tem crescido muito em segurança publica pública , um dos exemplo mais conhecido exemplos mais conhecidos é a chegada da policia polícia pacificadora nos morro na cidade do rio de janeiro e outros estado morros da cidade do Rio de Janeiro e de outros Estados ."
519,13,15,"água , deveria",sintatico_discursivo,,,"A revolta por parte daqueles mesmos que fazem o mal mau uso da água , deveria água deveria ser medida de acordo com seus fatos suas responsabilidades ."
653,6,9,na maioria os jovens,concordancia_nominal,,,"Os usuários de redes sociais , na maioria os jovens jovens em sua maioria , devem criar grupos e divulgar o problema para o maior número de pessoas possíveis , informando o risco que elas correm com a automedicação ."
1326,32,34,"punida , métodos",sintatico_discursivo,,,"Os castigos físicos , segundo especialistas , não são a maneira mais eficaz de corrigi corrigir uma criança , visto que muitas vezes ela não sabe por qual motivo esta está sendo punida , métodos punida ."
1800,1,1,Brasil,sintatico_discursivo,,,"O Brasil Brasil , como todo mundo está cansado de saber , é um país que apresenta elevados índices de desigualdade social e educacional ."
1219,7,8,"aonde ,",ortografia_lexical,,,"Essas são perguntas para pensar e ver aonde , onde a sociedade está errando e até que ponto ela vai continuar sem tomar certas providências para que isso não aconteça mais ."
2868,4,4,houve,ortografia_lexical,,,"Assim , se não houve houver uma completa conscientização da sociedade e uma mudança radical de com trata como tratar o próximo com amor e respeito , continuará continuarão os estresses , brigas e mortes no trânsito do Brasil ."
2752,18,18,sendo,ortografia_lexical,,,"Os produtos transgênicos estão presentes na agricultura , principalmente no cultivo da soja , algodão e milho , sendo tendo sido modificados para serem se tornar resistentes a pragas , doenças , serem pragas e doenças , bem como ficarem nutritivos e produtivos ."
2400,2,2,copa,sintatico_discursivo,,,"Logo a copa Copa certamente será o marco inicial de mudanças positivas para o povo , assim como nos estádios ."
2007,17,18,com base,ortografia_lexical,,,"Podemos tomar como exemplo o acordo ortográfico que entra em vigor ano que vem , que tem com base como objetivo todos os países adeptos da língua portuguesa escreverem da mesma forma ."
3803,0,0,Desta,ortografia_lexical,,,"Desta Dessa forma , há de se consentir que a autorização para a publicação das biografias deva existir , restando responsabilidades àqueles que vierem a violentar esse direito ."
3723,21,21,em,ortografia_lexical,,,"Adaptações dos textos clássicos , como os do escritor supracitado , com uma linguagem mais acessível , poderiam despertar o desejo em de conhecer mais da literatura brasileira ."
1773,23,23,ir,ortografia_lexical,,,"E em ano de eleição . eleição ! Nesse Neste 2014 , além de parar para ir as às urnas , o Brasil ir irá ou vai ter uma pausa para ver futebol ."
3601,12,14,aqueles são tabagista,concordancia_verbal,,,"Embora esse novo projeto de lei poder causar uma certa perseguição para aqueles são tabagista , é importante ressaltar que , estamos falando de milhares de pessoas que são obrigadas a conviverem com esse tipo de poluição tabagista ambiental ."
963,13,13,alta,ortografia_lexical,,,"Não obstante , a ""grana"" envolvida o dinheiro envolvido nessas transações é tão alta alto quanto a repercussão provocada , o que incita o interesse de muitas moças nesse comércio lucrativo ."
